{"cameraMode":{"drawMode":0,"name":"Shaded","section":"Shading Mode"},"sceneLighting":true,"audioPlay":false,"sceneViewState":{"showFog":true,"showMaterialUpdate":false,"showSkybox":true,"showFlares":true,"showImageEffects":true,"showParticleSystems":true},"in2DMode":false,"pivot":{"x":51.77481460571289,"y":-18.473173141479493,"z":83.6489486694336},"rotation":{"x":-0.017419936135411264,"y":0.9173743724822998,"z":-0.3955845534801483,"w":-0.04041922837495804},"size":34.16532897949219,"orthographic":false}