{"cameraMode":{"drawMode":0,"name":"Shaded","section":"Shading Mode"},"sceneLighting":false,"audioPlay":false,"sceneViewState":{"showFog":true,"showMaterialUpdate":false,"showSkybox":false,"showFlares":true,"showImageEffects":true,"showParticleSystems":true},"in2DMode":false,"pivot":{"x":0.20039582252502442,"y":1.4071369171142579,"z":-1.1386380195617676},"rotation":{"x":-0.032212723046541217,"y":-0.9588041305541992,"z":0.2548985481262207,"w":-0.12117656320333481},"size":10.049967765808106,"orthographic":false}