{"cameraMode":{"drawMode":0,"name":"Shaded","section":"Shading Mode"},"sceneLighting":false,"audioPlay":false,"sceneViewState":{"showFog":true,"showMaterialUpdate":false,"showSkybox":false,"showFlares":true,"showImageEffects":true,"showParticleSystems":true},"in2DMode":false,"pivot":{"x":52.984466552734378,"y":3.9700002670288088,"z":93.98699188232422},"rotation":{"x":0.08391064405441284,"y":-0.7715338468551636,"z":0.10409783571958542,"w":0.6219793558120728},"size":8.573652267456055,"orthographic":false}