{"cameraMode":{"drawMode":0,"name":"Shaded","section":"Shading Mode"},"sceneLighting":false,"audioPlay":false,"sceneViewState":{"showFog":true,"showMaterialUpdate":false,"showSkybox":false,"showFlares":true,"showImageEffects":true,"showParticleSystems":true},"in2DMode":false,"pivot":{"x":57.106998443603519,"y":4.742000102996826,"z":93.61599731445313},"rotation":{"x":0.09874448925256729,"y":0.20612046122550965,"z":-0.020904649049043657,"w":0.9733072519302368},"size":0.5715708136558533,"orthographic":false}