{"cameraMode":{"drawMode":0,"name":"Shaded","section":"Shading Mode"},"sceneLighting":false,"audioPlay":false,"sceneViewState":{"showFog":true,"showMaterialUpdate":false,"showSkybox":false,"showFlares":true,"showImageEffects":true,"showParticleSystems":true},"in2DMode":false,"pivot":{"x":-6.775506973266602,"y":3.0412521362304689,"z":-14.477581977844239},"rotation":{"x":0.08418741077184677,"y":-0.908491313457489,"z":0.22266066074371339,"w":0.3434796631336212},"size":4.658350467681885,"orthographic":false}