{"cameraMode":{"drawMode":0,"name":"Shaded","section":"Shading Mode"},"sceneLighting":false,"audioPlay":false,"sceneViewState":{"showFog":true,"showMaterialUpdate":false,"showSkybox":true,"showFlares":true,"showImageEffects":true,"showParticleSystems":true},"in2DMode":false,"pivot":{"x":58.17275619506836,"y":-4.858585357666016,"z":99.22305297851563},"rotation":{"x":0.5477128028869629,"y":0.0036599095910787584,"z":-0.0023859883658587934,"w":0.8366550207138062},"size":22.0,"orthographic":false}