{"cameraMode":{"drawMode":0,"name":"Shaded","section":"Shading Mode"},"sceneLighting":false,"audioPlay":false,"sceneViewState":{"showFog":true,"showMaterialUpdate":false,"showSkybox":true,"showFlares":true,"showImageEffects":true,"showParticleSystems":true},"in2DMode":false,"pivot":{"x":52.39809036254883,"y":4.901440620422363,"z":96.92138671875},"rotation":{"x":-0.08000116050243378,"y":-0.030135679990053178,"z":0.002409798325970769,"w":-0.9963362216949463},"size":0.18310941755771638,"orthographic":false}