{"cameraMode":{"drawMode":0,"name":"Shaded","section":"Shading Mode"},"sceneLighting":false,"audioPlay":false,"sceneViewState":{"showFog":true,"showMaterialUpdate":false,"showSkybox":true,"showFlares":true,"showImageEffects":true,"showParticleSystems":true},"in2DMode":false,"pivot":{"x":63.79232406616211,"y":-1.416380763053894,"z":116.97248077392578},"rotation":{"x":-0.14517717063426972,"y":-0.3381621241569519,"z":0.05287355184555054,"w":-0.9283180832862854},"size":22.0,"orthographic":false}