{"cameraMode":{"drawMode":0,"name":"Shaded","section":"Shading Mode"},"sceneLighting":false,"audioPlay":false,"sceneViewState":{"showFog":true,"showMaterialUpdate":false,"showSkybox":true,"showFlares":true,"showImageEffects":true,"showParticleSystems":true},"in2DMode":false,"pivot":{"x":51.8934326171875,"y":-10.644471168518067,"z":86.08780670166016},"rotation":{"x":-0.004456949420273304,"y":-0.8738617300987244,"z":0.48608842492103579,"w":-0.007993613369762898},"size":22.0,"orthographic":false}