{"cameraMode":{"drawMode":0,"name":"Shaded","section":"Shading Mode"},"sceneLighting":true,"audioPlay":false,"sceneViewState":{"showFog":true,"showMaterialUpdate":false,"showSkybox":true,"showFlares":true,"showImageEffects":true,"showParticleSystems":true},"in2DMode":false,"pivot":{"x":39.8057975769043,"y":-1.1379389762878419,"z":93.1474838256836},"rotation":{"x":0.06182022765278816,"y":-0.9039483666419983,"z":0.13995471596717835,"w":0.39933502674102785},"size":22.0,"orthographic":false}