{"cameraMode":{"drawMode":0,"name":"Shaded","section":"Shading Mode"},"sceneLighting":true,"audioPlay":false,"sceneViewState":{"showFog":true,"showMaterialUpdate":false,"showSkybox":true,"showFlares":true,"showImageEffects":true,"showParticleSystems":true},"in2DMode":false,"pivot":{"x":49.80065155029297,"y":-14.29288101196289,"z":107.9748306274414},"rotation":{"x":-0.4296581745147705,"y":-0.5313867330551148,"z":0.3592212200164795,"w":-0.6355957984924316},"size":37.35636901855469,"orthographic":false}