{"cameraMode":{"drawMode":0,"name":"Shaded","section":"Shading Mode"},"sceneLighting":true,"audioPlay":false,"sceneViewState":{"showFog":true,"showMaterialUpdate":false,"showSkybox":true,"showFlares":true,"showImageEffects":true,"showParticleSystems":true},"in2DMode":false,"pivot":{"x":65.24557495117188,"y":1.8293840885162354,"z":83.60041046142578},"rotation":{"x":-0.02065856195986271,"y":-0.9671409726142883,"z":0.08348069339990616,"w":-0.23925402760505677},"size":22.0,"orthographic":false}