{"cameraMode":{"drawMode":0,"name":"Shaded","section":"Shading Mode"},"sceneLighting":false,"audioPlay":false,"sceneViewState":{"showFog":true,"showMaterialUpdate":false,"showSkybox":false,"showFlares":true,"showImageEffects":true,"showParticleSystems":true},"in2DMode":false,"pivot":{"x":56.44673538208008,"y":4.23199987411499,"z":101.06880950927735},"rotation":{"x":-0.13525061309337617,"y":-0.8490065336227417,"z":0.26180148124694826,"w":-0.4385831952095032},"size":0.5715708136558533,"orthographic":false}