{"cameraMode":{"drawMode":0,"name":"Shaded","section":"Shading Mode"},"sceneLighting":false,"audioPlay":false,"sceneViewState":{"showFog":true,"showMaterialUpdate":false,"showSkybox":false,"showFlares":true,"showImageEffects":true,"showParticleSystems":true},"in2DMode":false,"pivot":{"x":54.29384994506836,"y":4.331787109375,"z":95.95992279052735},"rotation":{"x":0.3403414189815521,"y":-0.11647076159715653,"z":0.04253438860177994,"w":0.9320907592773438},"size":0.9038395881652832,"orthographic":false}