{"cameraMode":{"drawMode":0,"name":"Shaded","section":"Shading Mode"},"sceneLighting":true,"audioPlay":false,"sceneViewState":{"showFog":true,"showMaterialUpdate":false,"showSkybox":true,"showFlares":true,"showImageEffects":true,"showParticleSystems":true},"in2DMode":false,"pivot":{"x":45.793582916259769,"y":3.2670958042144777,"z":104.2373275756836},"rotation":{"x":-0.059398651123046878,"y":0.6678577661514282,"z":-0.053618792444467548,"w":-0.7399749755859375},"size":22.0,"orthographic":false}