{"cameraMode":{"drawMode":0,"name":"Shaded","section":"Shading Mode"},"sceneLighting":true,"audioPlay":false,"sceneViewState":{"showFog":true,"showMaterialUpdate":false,"showSkybox":true,"showFlares":true,"showImageEffects":true,"showParticleSystems":true},"in2DMode":false,"pivot":{"x":52.98632049560547,"y":4.741195201873779,"z":113.77890014648438},"rotation":{"x":-0.0831226259469986,"y":-0.4770645797252655,"z":0.04538823664188385,"w":-0.8737505078315735},"size":11.433055877685547,"orthographic":false}