{"cameraMode":{"drawMode":0,"name":"Shaded","section":"Shading Mode"},"sceneLighting":true,"audioPlay":false,"sceneViewState":{"showFog":true,"showMaterialUpdate":false,"showSkybox":true,"showFlares":true,"showImageEffects":true,"showParticleSystems":true},"in2DMode":false,"pivot":{"x":73.28646850585938,"y":0.7249221801757813,"z":83.76290130615235},"rotation":{"x":-0.05689597129821777,"y":-0.7469461560249329,"z":0.06444878876209259,"w":-0.6593031883239746},"size":22.0,"orthographic":false}